Timestamp,Posición en x,Posición en y,Angulo de giro
2024-02-28 18:24:37,0.0,0.0,0.0
2024-02-28 18:24:37,0.0,0.0,0.0064
2024-02-28 18:24:37,0.0,0.0,0.0256
2024-02-28 18:24:37,-0.0488,-0.0027,0.0449
2024-02-28 18:24:37,-0.0488,-0.0027,0.0641
2024-02-28 18:24:37,-0.0245,-0.0003,0.0865
2024-02-28 18:24:37,-0.0245,-0.0003,0.1122
2024-02-28 18:24:37,-0.0245,-0.0003,0.1378
2024-02-28 18:24:37,-0.0245,-0.0003,0.1634
2024-02-28 18:24:37,-0.0006,0.0047,0.1923
2024-02-28 18:24:37,-0.0243,-0.001,0.2211
2024-02-28 18:24:37,-0.0243,-0.001,0.2467
2024-02-28 18:24:37,-0.0243,-0.001,0.2724
2024-02-28 18:24:37,-0.0243,-0.001,0.298
2024-02-28 18:24:37,-0.0243,-0.001,0.3237
2024-02-28 18:24:37,-0.0243,-0.001,0.3493
2024-02-28 18:24:38,-0.0243,-0.001,0.3749
2024-02-28 18:24:38,-0.0243,-0.001,0.4006
2024-02-28 18:24:38,-0.0023,0.0095,0.4294
2024-02-28 18:24:38,-0.0023,0.0095,0.455
2024-02-28 18:24:38,-0.0023,0.0095,0.4807
2024-02-28 18:24:38,-0.0023,0.0095,0.5063
2024-02-28 18:24:38,-0.0023,0.0095,0.532
2024-02-28 18:24:38,-0.0023,0.0095,0.5576
2024-02-28 18:24:38,-0.0224,-0.0043,0.5864
2024-02-28 18:24:38,-0.0025,0.0099,0.6089
2024-02-28 18:24:38,-0.0025,0.0099,0.6409
2024-02-28 18:24:38,-0.0025,0.0099,0.6665
2024-02-28 18:24:38,-0.0025,0.0099,0.6922
2024-02-28 18:24:38,-0.0025,0.0099,0.7178
2024-02-28 18:24:38,-0.0025,0.0099,0.7435
2024-02-28 18:24:38,-0.0025,0.0099,0.7691
2024-02-28 18:24:38,-0.0025,0.0099,0.7947
2024-02-28 18:24:38,0.0138,0.0281,0.8236
2024-02-28 18:24:38,-0.002,0.0094,0.8524
2024-02-28 18:24:38,-0.002,0.0094,0.878
2024-02-28 18:24:39,-0.002,0.0094,0.9037
2024-02-28 18:24:39,-0.002,0.0094,0.9293
2024-02-28 18:24:39,-0.0158,-0.0107,0.9582
2024-02-28 18:24:39,-0.0026,0.0098,0.987
2024-02-28 18:24:39,-0.0154,-0.011,1.0094
2024-02-28 18:24:39,-0.0154,-0.011,1.0351
2024-02-28 18:24:39,-0.0154,-0.011,1.0607
2024-02-28 18:24:39,-0.0154,-0.011,1.0863
2024-02-28 18:24:39,-0.0154,-0.011,1.112
2024-02-28 18:24:39,-0.0154,-0.011,1.1376
2024-02-28 18:24:39,-0.0154,-0.011,1.1632
2024-02-28 18:24:39,-0.0154,-0.011,1.1889
2024-02-28 18:24:39,-0.0154,-0.011,1.2209
2024-02-28 18:24:39,-0.0154,-0.011,1.2466
2024-02-28 18:24:39,-0.0154,-0.011,1.2722
2024-02-28 18:24:39,-0.0154,-0.011,1.2978
2024-02-28 18:24:39,-0.0154,-0.011,1.3235
2024-02-28 18:24:39,-0.0154,-0.011,1.3491
2024-02-28 18:24:39,-0.0197,-0.035,1.378
2024-02-28 18:24:39,-0.0197,-0.035,1.4036
2024-02-28 18:24:40,-0.0197,-0.035,1.4292
2024-02-28 18:24:40,-0.0197,-0.035,1.4549
2024-02-28 18:24:40,-0.0179,-0.0107,1.4837
2024-02-28 18:24:40,-0.0179,-0.0107,1.5093
2024-02-28 18:24:40,-0.0179,-0.0107,1.535
2024-02-28 18:24:40,-0.0179,-0.0107,1.5606
2024-02-28 18:24:40,-0.0179,-0.0107,1.5862
2024-02-28 18:24:40,-0.023,0.1603,1.5959
2024-02-28 18:24:40,-0.021,0.6979,1.5766
2024-02-28 18:24:40,0.0037,1.3571,1.5478
2024-02-28 18:24:40,0.0557,2.0883,1.5157
2024-02-28 18:24:40,0.1253,2.7935,1.4869
2024-02-28 18:24:40,0.2287,3.5192,1.4485
2024-02-28 18:24:40,0.3455,4.2181,1.4196
2024-02-28 18:24:40,0.4874,4.8874,1.3812
2024-02-28 18:24:40,0.6576,5.5753,1.3459
2024-02-28 18:24:40,0.8519,6.2567,1.3107
2024-02-28 18:24:40,1.0594,6.9087,1.2786
2024-02-28 18:24:40,1.2991,7.5755,1.2434
2024-02-28 18:24:40,1.5745,8.2548,1.2049
2024-02-28 18:24:41,1.8626,8.9022,1.1697
2024-02-28 18:24:41,2.1734,9.539,1.1344
2024-02-28 18:24:41,2.5064,10.1645,1.0992
2024-02-28 18:24:41,2.8766,10.7972,1.0607
2024-02-28 18:24:41,3.2548,11.3965,1.0255
2024-02-28 18:24:41,3.6373,11.9637,0.9934
2024-02-28 18:24:41,4.0722,12.5538,0.955
2024-02-28 18:24:41,4.5115,13.1098,0.9197
2024-02-28 18:24:41,4.9702,13.6499,0.8845
2024-02-28 18:24:41,5.4476,14.1736,0.8492
2024-02-28 18:24:41,5.9431,14.6801,0.814
2024-02-28 18:24:41,6.4408,15.1496,0.7755
2024-02-28 18:24:41,6.9723,15.6182,0.7402
2024-02-28 18:24:41,7.5156,16.0731,0.7114
2024-02-28 18:24:41,8.076,16.5067,0.6762
2024-02-28 18:24:41,8.6514,16.9203,0.6409
2024-02-28 18:24:41,9.241,17.3134,0.6057
2024-02-28 18:24:41,9.8667,17.6953,0.5672
2024-02-28 18:24:41,10.4836,18.0439,0.532
2024-02-28 18:24:41,11.0923,18.3563,0.4935
2024-02-28 18:24:42,11.7332,18.6586,0.4582
2024-02-28 18:24:42,12.3606,18.9314,0.4262
2024-02-28 18:24:42,13.0204,19.1898,0.391
2024-02-28 18:24:42,13.7131,19.4296,0.3525
2024-02-28 18:24:42,14.3902,19.6388,0.3172
2024-02-28 18:24:42,15.0986,19.8269,0.2788
2024-02-28 18:24:42,15.7892,19.9857,0.2435
2024-02-28 18:24:42,16.4837,20.1266,0.2147
2024-02-28 18:24:42,17.1548,20.2595,0.2019
2024-02-28 18:24:42,17.8251,20.3967,0.2019
2024-02-28 18:24:42,18.5432,20.5437,0.2019
2024-02-28 18:24:42,19.2381,20.6824,0.1987
2024-02-28 18:24:42,19.9321,20.8256,0.2019
2024-02-28 18:24:42,20.6256,20.9711,0.2051
2024-02-28 18:24:42,21.3201,21.112,0.2019
2024-02-28 18:24:42,22.0382,21.259,0.2019
2024-02-28 18:24:42,22.7071,21.4026,0.2083
2024-02-28 18:24:42,23.4011,21.5458,0.2051
2024-02-28 18:24:42,24.0942,21.6935,0.2083
2024-02-28 18:24:43,24.7882,21.8367,0.2051
2024-02-28 18:24:43,25.4812,21.9843,0.2083
2024-02-28 18:24:43,26.1752,22.1275,0.2051
2024-02-28 18:24:43,26.8696,22.2685,0.2019
2024-02-28 18:24:43,27.5878,22.4155,0.2019
2024-02-28 18:24:43,28.2567,22.5591,0.2083
2024-02-28 18:24:43,28.9507,22.7023,0.2051
2024-02-28 18:24:43,29.6684,22.8516,0.2051
2024-02-28 18:24:43,30.386,23.0009,0.2051
2024-02-28 18:24:43,31.0559,23.1402,0.2051
2024-02-28 18:24:43,31.7257,23.2796,0.2051
2024-02-28 18:24:43,32.4201,23.4205,0.2019
2024-02-28 18:24:43,33.115,23.5593,0.1987
2024-02-28 18:24:43,33.809,23.7025,0.2019
2024-02-28 18:24:43,34.5025,23.8479,0.2051
2024-02-28 18:24:43,35.1724,23.9872,0.2051
2024-02-28 18:24:43,35.8668,24.1282,0.2019
2024-02-28 18:24:43,36.585,24.2752,0.2019
2024-02-28 18:24:43,37.2785,24.4206,0.2051
2024-02-28 18:24:43,37.9483,24.56,0.2051
2024-02-28 18:24:44,38.666,24.7093,0.2051
2024-02-28 18:24:44,39.3112,24.8467,0.2083
2024-02-28 18:24:44,40.0531,24.9998,0.2051
2024-02-28 18:24:44,40.7461,25.1474,0.2083
2024-02-28 18:24:44,41.4401,25.2906,0.2051
2024-02-28 18:24:44,42.1578,25.4399,0.2051
2024-02-28 18:24:44,42.8522,25.5809,0.2019
2024-02-28 18:24:44,43.5225,25.7181,0.2019
2024-02-28 18:24:44,44.216,25.8635,0.2051
2024-02-28 18:24:44,44.9105,26.0045,0.2019
2024-02-28 18:24:44,45.604,26.1499,0.2051
2024-02-28 18:24:44,46.3217,26.2992,0.2051
2024-02-28 18:24:44,47.0161,26.4402,0.2019
2024-02-28 18:24:44,47.6864,26.5774,0.2019
2024-02-28 18:24:44,48.3799,26.7228,0.2051
2024-02-28 18:24:44,49.0743,26.8638,0.2019
2024-02-28 18:24:44,49.7925,27.0107,0.2019
2024-02-28 18:24:44,50.486,27.1562,0.2051
2024-02-28 18:24:44,51.1558,27.2955,0.2051
2024-02-28 18:24:44,51.8503,27.4365,0.2019
2024-02-28 18:24:45,52.567,27.5904,0.2083
2024-02-28 18:24:45,53.261,27.7336,0.2051
2024-02-28 18:24:45,53.9308,27.8729,0.2051
2024-02-28 18:24:45,54.6252,28.0139,0.2019
2024-02-28 18:24:45,55.3187,28.1593,0.2051
2024-02-28 18:24:45,56.0118,28.3069,0.2083
2024-02-28 18:24:45,56.7058,28.4501,0.2051
2024-02-28 18:24:45,57.3988,28.5978,0.2083
2024-02-28 18:24:45,58.0928,28.741,0.2051
2024-02-28 18:24:45,58.7859,28.8886,0.2083
2024-02-28 18:24:45,59.4799,29.0318,0.2051
2024-02-28 18:24:45,60.1497,29.1712,0.2051
2024-02-28 18:24:45,60.8674,29.3204,0.2051
2024-02-28 18:24:45,61.5604,29.4681,0.2083
2024-02-28 18:24:45,62.2544,29.6113,0.2051
2024-02-28 18:24:45,62.9242,29.7506,0.2051
2024-02-28 18:24:45,63.6419,29.8999,0.2051
2024-02-28 18:24:45,64.3596,30.0492,0.2051
2024-02-28 18:24:45,65.0294,30.1885,0.2051
2024-02-28 18:24:45,65.6992,30.3279,0.2051
2024-02-28 18:24:46,66.3937,30.4688,0.2019
2024-02-28 18:24:46,67.1118,30.6158,0.2019
2024-02-28 18:24:46,67.7821,30.753,0.2019
2024-02-28 18:24:46,68.4524,30.8902,0.2019
2024-02-28 18:24:46,69.1459,31.0356,0.2051
2024-02-28 18:24:46,69.8403,31.1766,0.2019
2024-02-28 18:24:46,70.5339,31.322,0.2051
2024-02-28 18:24:46,71.2037,31.4614,0.2051
2024-02-28 18:24:46,71.8035,31.5771,0.1955
2024-02-28 18:24:46,72.3327,31.6714,0.1827
2024-02-28 18:24:46,72.7911,31.7447,0.1666
2024-02-28 18:24:46,73.2507,31.8107,0.1506
2024-02-28 18:24:46,73.7112,31.8693,0.1346
2024-02-28 18:24:46,74.1727,31.9205,0.1186
2024-02-28 18:24:46,74.6348,31.9644,0.1025
2024-02-28 18:24:46,75.1464,32.0046,0.0865
2024-02-28 18:24:46,75.6097,32.0336,0.0705
2024-02-28 18:24:46,76.098,32.0539,0.0513
2024-02-28 18:24:46,76.5864,32.0696,0.0385
2024-02-28 18:24:47,77.0507,32.0763,0.0224
2024-02-28 18:24:47,77.5149,32.0755,0.0064
2024-02-28 18:24:47,78.0036,32.0693,-0.0064
2024-02-28 18:24:47,78.492,32.0521,-0.0256
2024-02-28 18:24:47,79.0044,32.0266,-0.0417
2024-02-28 18:24:47,79.4677,31.9961,-0.0577
2024-02-28 18:24:47,79.9546,31.9539,-0.0769
2024-02-28 18:24:47,80.441,31.907,-0.0897
2024-02-28 18:24:47,80.9023,31.8543,-0.1057
2024-02-28 18:24:47,81.3865,31.7887,-0.125
2024-02-28 18:24:47,81.8456,31.7198,-0.141
2024-02-28 18:24:47,82.3281,31.6418,-0.1538
2024-02-28 18:24:47,82.785,31.5597,-0.1698
2024-02-28 18:24:47,83.2406,31.4702,-0.1859
2024-02-28 18:24:47,83.719,31.3707,-0.1987
2024-02-28 18:24:47,84.1718,31.2682,-0.2147
2024-02-28 18:24:47,84.6229,31.1584,-0.2307
2024-02-28 18:24:47,85.0722,31.0414,-0.2467
2024-02-28 18:24:47,85.5195,30.9172,-0.2628
2024-02-28 18:24:47,85.9889,30.7812,-0.2756
2024-02-28 18:24:48,86.4551,30.6347,-0.2948
2024-02-28 18:24:48,86.896,30.4892,-0.3108
2024-02-28 18:24:48,87.3568,30.3263,-0.3301
2024-02-28 18:24:48,87.8159,30.1591,-0.3429
2024-02-28 18:24:48,88.2493,29.9926,-0.3589
2024-02-28 18:24:48,88.7017,29.8078,-0.3781
2024-02-28 18:24:48,89.1289,29.6261,-0.3942
2024-02-28 18:24:48,89.5764,29.4297,-0.407
2024-02-28 18:24:48,90.0195,29.2234,-0.4262
2024-02-28 18:24:48,90.4375,29.0214,-0.4422
2024-02-28 18:24:48,90.875,28.8038,-0.455
2024-02-28 18:24:48,91.2644,28.5992,-0.4743
2024-02-28 18:24:48,91.6947,28.3677,-0.4871
2024-02-28 18:24:48,92.0997,28.1406,-0.5031
2024-02-28 18:24:48,92.5431,27.8825,-0.5191
2024-02-28 18:24:48,92.9603,27.6279,-0.5384
2024-02-28 18:24:48,93.353,27.3803,-0.5544
2024-02-28 18:24:48,93.7418,27.1265,-0.5704
2024-02-28 18:24:48,94.1479,26.8548,-0.5832
2024-02-28 18:24:48,94.5479,26.574,-0.6025
2024-02-28 18:24:49,94.924,26.3018,-0.6185
2024-02-28 18:24:49,95.3166,26.0109,-0.6313
2024-02-28 18:24:49,95.682,25.7244,-0.6537
2024-02-28 18:24:49,96.0641,25.4198,-0.6665
2024-02-28 18:24:49,96.422,25.1241,-0.6826
2024-02-28 18:24:49,96.7952,24.8086,-0.6954
2024-02-28 18:24:49,97.1444,24.5027,-0.7114
2024-02-28 18:24:49,97.4887,24.1912,-0.7274
2024-02-28 18:24:49,97.8279,23.8742,-0.7435
2024-02-28 18:24:49,98.1813,23.5366,-0.7563
2024-02-28 18:24:49,98.5112,23.21,-0.7723
2024-02-28 18:24:49,98.8359,22.8782,-0.7883
2024-02-28 18:24:49,99.1888,22.5057,-0.8043
2024-02-28 18:24:49,99.5027,22.1636,-0.8204
2024-02-28 18:24:49,99.8255,21.7967,-0.8396
2024-02-28 18:24:49,100.1448,21.4267,-0.8524
2024-02-28 18:24:49,100.4418,21.07,-0.8684
2024-02-28 18:24:49,100.7332,20.7085,-0.8845
2024-02-28 18:24:49,101.0318,20.3217,-0.9037
2024-02-28 18:24:50,101.323,19.9292,-0.9229
2024-02-28 18:24:50,101.6104,19.5339,-0.9357
2024-02-28 18:24:50,101.8927,19.135,-0.9485
2024-02-28 18:24:50,102.1541,18.7514,-0.9646
2024-02-28 18:24:50,102.4094,18.3636,-0.9806
2024-02-28 18:24:50,102.6846,17.9306,-0.9966
2024-02-28 18:24:50,102.9128,17.5545,-1.0158
2024-02-28 18:24:50,103.1623,17.1343,-1.0287
2024-02-28 18:24:50,103.4022,16.7086,-1.0479
2024-02-28 18:24:50,103.6243,16.3009,-1.0639
2024-02-28 18:24:50,103.8399,15.8897,-1.0799
2024-02-28 18:24:50,104.0488,15.4752,-1.096
2024-02-28 18:24:50,104.2639,15.0363,-1.1088
2024-02-28 18:24:50,104.469,14.5928,-1.128
2024-02-28 18:24:50,104.6578,14.1686,-1.144
2024-02-28 18:24:50,104.8515,13.72,-1.1568
2024-02-28 18:24:50,105.0351,13.2671,-1.1761
2024-02-28 18:24:50,105.2033,12.8343,-1.1921
2024-02-28 18:24:50,105.3645,12.399,-1.2081
2024-02-28 18:24:50,105.5187,11.9611,-1.2241
2024-02-28 18:24:51,105.6814,11.4744,-1.2402
2024-02-28 18:24:51,105.8363,10.9852,-1.2562
2024-02-28 18:24:51,105.9603,10.5633,-1.2754
2024-02-28 18:24:51,106.0935,10.0931,-1.2882
2024-02-28 18:24:51,106.2122,9.6442,-1.3042
2024-02-28 18:24:51,106.3237,9.1936,-1.3203
2024-02-28 18:24:51,106.4357,8.7179,-1.3331
2024-02-28 18:24:51,106.5342,8.2642,-1.3491
2024-02-28 18:24:51,106.6254,7.809,-1.3651
2024-02-28 18:24:51,106.7113,7.3279,-1.3844
2024-02-28 18:24:51,106.7864,6.8698,-1.4004
2024-02-28 18:24:51,106.8612,6.3621,-1.4164
2024-02-28 18:24:51,106.9216,5.9018,-1.4324
2024-02-28 18:24:51,106.9745,5.4406,-1.4485
2024-02-28 18:24:51,107.0249,4.9299,-1.4645
2024-02-28 18:24:51,107.0631,4.4672,-1.4805
2024-02-28 18:24:51,107.0931,3.9795,-1.4997
2024-02-28 18:24:51,107.1184,3.4914,-1.5125
2024-02-28 18:24:51,107.1343,3.0274,-1.5286
2024-02-28 18:24:51,107.1427,2.5633,-1.5446
2024-02-28 18:24:52,107.1461,2.0746,-1.5574
2024-02-28 18:24:52,107.1412,1.6104,-1.5734
2024-02-28 18:24:52,107.1288,1.1463,-1.5895
2024-02-28 18:24:52,107.1103,0.6579,-1.6023
2024-02-28 18:24:52,107.0809,0.1701,-1.6215
2024-02-28 18:24:52,107.0462,-0.2928,-1.6375
2024-02-28 18:24:52,106.9997,-0.8039,-1.6535
2024-02-28 18:24:52,106.9502,-1.2655,-1.6696
2024-02-28 18:24:52,106.8933,-1.7262,-1.6856
2024-02-28 18:24:52,106.828,-2.2105,-1.6984
2024-02-28 18:24:52,106.7579,-2.6695,-1.7144
2024-02-28 18:24:52,106.674,-3.1509,-1.7337
2024-02-28 18:24:52,106.5856,-3.6315,-1.7465
2024-02-28 18:24:52,106.4863,-4.11,-1.7657
2024-02-28 18:24:52,106.3855,-4.5632,-1.7817
2024-02-28 18:24:52,106.274,-5.039,-1.7945
2024-02-28 18:24:52,106.1601,-5.4891,-1.8106
2024-02-28 18:24:52,106.0391,-5.9373,-1.8266
2024-02-28 18:24:52,105.9018,-6.4063,-1.8458
2024-02-28 18:24:52,105.7556,-6.8726,-1.865
2024-02-28 18:24:53,105.6103,-7.3136,-1.8811
2024-02-28 18:24:53,105.4522,-7.776,-1.8939
2024-02-28 18:24:53,105.2838,-8.2347,-1.9131
2024-02-28 18:24:53,105.1175,-8.6682,-1.9291
2024-02-28 18:24:53,104.926,-9.1442,-1.9452
2024-02-28 18:24:53,104.7459,-9.5721,-1.9612
2024-02-28 18:24:53,104.547,-10.0185,-1.9804
2024-02-28 18:24:53,104.3519,-10.4398,-1.9964
2024-02-28 18:24:53,104.1416,-10.8809,-2.0092
2024-02-28 18:24:53,103.9345,-11.2964,-2.0253
2024-02-28 18:24:53,103.7207,-11.7085,-2.0413
2024-02-28 18:24:53,103.4772,-12.1602,-2.0573
2024-02-28 18:24:53,103.2503,-12.5652,-2.0733
2024-02-28 18:24:53,103.017,-12.9666,-2.0894
2024-02-28 18:24:53,102.7772,-13.3642,-2.1054
2024-02-28 18:24:53,102.5312,-13.7579,-2.1214
2024-02-28 18:24:53,102.2675,-14.1693,-2.1342
2024-02-28 18:24:53,101.9986,-14.5774,-2.147
2024-02-28 18:24:53,101.7327,-14.9579,-2.1695
2024-02-28 18:24:54,101.4496,-15.3563,-2.1823
2024-02-28 18:24:54,101.174,-15.7299,-2.1983
2024-02-28 18:24:54,100.8925,-16.099,-2.2143
2024-02-28 18:24:54,100.5748,-16.502,-2.2304
2024-02-28 18:24:54,100.2816,-16.862,-2.2464
2024-02-28 18:24:54,99.9826,-17.2172,-2.2624
2024-02-28 18:24:54,99.678,-17.5675,-2.2784
2024-02-28 18:24:54,99.3352,-17.9493,-2.2944
2024-02-28 18:24:54,99.0196,-18.2897,-2.3105
2024-02-28 18:24:54,98.6833,-18.6443,-2.3233
2024-02-28 18:24:54,98.3579,-18.9755,-2.3393
2024-02-28 18:24:54,98.0083,-19.3169,-2.3585
2024-02-28 18:24:54,97.6714,-19.6364,-2.3746
2024-02-28 18:24:54,97.3295,-19.9505,-2.3906
2024-02-28 18:24:54,96.9461,-20.2915,-2.4066
2024-02-28 18:24:54,96.5743,-20.6086,-2.4258
2024-02-28 18:24:54,96.2167,-20.9048,-2.4419
2024-02-28 18:24:54,95.8369,-21.2122,-2.4547
2024-02-28 18:24:54,95.471,-21.4979,-2.4707
2024-02-28 18:24:54,95.0796,-21.7906,-2.4899
2024-02-28 18:24:55,94.6854,-22.0795,-2.5027
2024-02-28 18:24:55,94.3062,-22.3472,-2.5188
2024-02-28 18:24:55,93.9227,-22.6089,-2.5348
2024-02-28 18:24:55,93.4943,-22.8913,-2.5508
2024-02-28 18:24:55,93.1026,-23.1406,-2.5668
2024-02-28 18:24:55,92.707,-23.3835,-2.5829
2024-02-28 18:24:55,92.2877,-23.6346,-2.5957
2024-02-28 18:24:55,91.8852,-23.866,-2.6117
2024-02-28 18:24:55,91.4791,-24.091,-2.6277
2024-02-28 18:24:55,91.0695,-24.3094,-2.6437
2024-02-28 18:24:55,90.6335,-24.5303,-2.663
2024-02-28 18:24:55,90.1955,-24.747,-2.6758
2024-02-28 18:24:55,89.7739,-24.9414,-2.6982
2024-02-28 18:24:55,89.3285,-25.1425,-2.711
2024-02-28 18:24:55,88.9021,-25.3261,-2.7271
2024-02-28 18:24:55,88.4728,-25.5028,-2.7431
2024-02-28 18:24:55,88.0189,-25.6838,-2.7559
2024-02-28 18:24:55,87.5846,-25.848,-2.7719
2024-02-28 18:24:55,87.124,-26.0114,-2.7912
2024-02-28 18:24:55,86.6843,-26.1602,-2.8072
2024-02-28 18:24:56,86.2422,-26.302,-2.8232
2024-02-28 18:24:56,85.7512,-26.4509,-2.8392
2024-02-28 18:24:56,85.3277,-26.5697,-2.8584
2024-02-28 18:24:56,84.8559,-26.6972,-2.8713
2024-02-28 18:24:56,84.4057,-26.8104,-2.8873
2024-02-28 18:24:56,83.9537,-26.9163,-2.9033
2024-02-28 18:24:56,83.4767,-27.0225,-2.9161
2024-02-28 18:24:56,82.9974,-27.118,-2.9354
2024-02-28 18:24:56,82.5408,-27.2021,-2.9514
2024-02-28 18:24:56,82.0348,-27.287,-2.9674
2024-02-28 18:24:56,81.624,-27.3491,-2.9834
2024-02-28 18:24:56,81.1401,-27.4168,-2.9962
2024-02-28 18:24:56,80.6547,-27.4736,-3.0155
2024-02-28 18:24:56,80.1688,-27.5258,-3.0283
2024-02-28 18:24:56,79.7064,-27.5672,-3.0443
2024-02-28 18:24:56,79.2434,-27.6011,-3.0603
2024-02-28 18:24:56,78.7799,-27.6277,-3.0764
2024-02-28 18:24:56,78.2917,-27.6502,-3.0892
2024-02-28 18:24:56,77.8031,-27.6617,-3.1084
2024-02-28 18:24:56,77.3389,-27.6659,-3.1244
2024-02-28 18:24:57,76.8502,-27.6649,-3.1372
2024-02-28 18:24:57,76.386,-27.6558,-3.1533
2024-02-28 18:24:57,75.8734,-27.6325,-3.1757
2024-02-28 18:24:57,75.3854,-27.6065,-3.1885
2024-02-28 18:24:57,74.9223,-27.5736,-3.2045
2024-02-28 18:24:57,74.4112,-27.529,-3.2206
2024-02-28 18:24:57,73.9494,-27.4813,-3.2366
2024-02-28 18:24:57,73.4884,-27.4261,-3.2526
2024-02-28 18:24:57,73.0284,-27.3636,-3.2686
2024-02-28 18:24:57,72.5456,-27.2878,-3.2879
2024-02-28 18:24:57,72.0636,-27.2073,-3.3007
2024-02-28 18:24:57,71.6071,-27.1227,-3.3167
2024-02-28 18:24:57,71.152,-27.0309,-3.3327
2024-02-28 18:24:57,70.6507,-26.9213,-3.3487
2024-02-28 18:24:57,70.1988,-26.8149,-3.3648
2024-02-28 18:24:57,69.7001,-26.6942,-3.3744
2024-02-28 18:24:57,69.0359,-26.53,-3.3808
2024-02-28 18:24:57,68.3957,-26.3706,-3.384
2024-02-28 18:24:57,67.6841,-26.1946,-3.384
2024-02-28 18:24:58,67.0199,-26.0304,-3.384
2024-02-28 18:24:58,66.3083,-25.8544,-3.384
2024-02-28 18:24:58,65.5967,-25.6785,-3.384
2024-02-28 18:24:58,64.9326,-25.5143,-3.384
2024-02-28 18:24:58,64.2684,-25.35,-3.384
2024-02-28 18:24:58,63.5797,-25.1833,-3.3808
2024-02-28 18:24:58,62.8675,-25.0096,-3.3808
2024-02-28 18:24:58,62.2028,-24.8475,-3.3808
2024-02-28 18:24:58,61.5152,-24.6763,-3.384
2024-02-28 18:24:58,60.8265,-24.5095,-3.3808
2024-02-28 18:24:58,60.1144,-24.3358,-3.3808
2024-02-28 18:24:58,59.4267,-24.1647,-3.384
2024-02-28 18:24:58,58.738,-23.9979,-3.3808
2024-02-28 18:24:58,58.0734,-23.8358,-3.3808
2024-02-28 18:24:58,57.3612,-23.6621,-3.3808
2024-02-28 18:24:58,56.6736,-23.4909,-3.384
2024-02-28 18:24:58,55.9849,-23.3241,-3.3808
2024-02-28 18:24:58,55.3202,-23.162,-3.3808
2024-02-28 18:24:58,54.6326,-22.9909,-3.384
2024-02-28 18:24:58,53.921,-22.8149,-3.384
2024-02-28 18:24:59,53.2323,-22.6481,-3.3808
2024-02-28 18:24:59,52.543,-22.4835,-3.3776
2024-02-28 18:24:59,51.8549,-22.3146,-3.3808
2024-02-28 18:24:59,51.1673,-22.1434,-3.384
2024-02-28 18:24:59,50.4786,-21.9766,-3.3808
2024-02-28 18:24:59,49.8139,-21.8145,-3.3808
2024-02-28 18:24:59,49.1263,-21.6433,-3.384
2024-02-28 18:24:59,48.4147,-21.4673,-3.384
2024-02-28 18:24:59,47.7505,-21.3031,-3.384
2024-02-28 18:24:59,47.0863,-21.1389,-3.384
2024-02-28 18:24:59,46.3976,-20.9721,-3.3808
2024-02-28 18:24:59,45.6855,-20.7984,-3.3808
2024-02-28 18:24:59,44.9979,-20.6273,-3.384
2024-02-28 18:24:59,44.3337,-20.463,-3.384
2024-02-28 18:24:59,43.6221,-20.2871,-3.384
2024-02-28 18:24:59,42.9105,-20.1111,-3.384
2024-02-28 18:24:59,42.2463,-19.9469,-3.384
2024-02-28 18:24:59,41.5101,-19.7686,-3.3808
2024-02-28 18:24:59,40.8454,-19.6065,-3.3808
2024-02-28 18:24:59,40.1807,-19.4444,-3.3808
2024-02-28 18:25:00,39.4931,-19.2732,-3.384
2024-02-28 18:25:00,38.7798,-19.1041,-3.3776
2024-02-28 18:25:00,38.0917,-18.9351,-3.3808
2024-02-28 18:25:00,37.4041,-18.764,-3.384
2024-02-28 18:25:00,36.7399,-18.5997,-3.384
2024-02-28 18:25:00,36.0283,-18.4238,-3.384
2024-02-28 18:25:00,35.3396,-18.257,-3.3808
2024-02-28 18:25:00,34.652,-18.0858,-3.384
2024-02-28 18:25:00,33.9878,-17.9216,-3.384
2024-02-28 18:25:00,33.2762,-17.7456,-3.384
2024-02-28 18:25:00,32.5875,-17.5789,-3.3808
2024-02-28 18:25:00,31.9228,-17.4168,-3.3808
2024-02-28 18:25:00,31.2352,-17.2456,-3.384
2024-02-28 18:25:00,30.571,-17.0813,-3.384
2024-02-28 18:25:00,29.8594,-16.9054,-3.384
2024-02-28 18:25:00,29.1707,-16.7386,-3.3808
2024-02-28 18:25:00,28.4831,-16.5674,-3.384
2024-02-28 18:25:00,27.7944,-16.4006,-3.3808
2024-02-28 18:25:00,27.0594,-16.2176,-3.384
2024-02-28 18:25:00,26.4182,-16.0624,-3.3808
2024-02-28 18:25:01,25.7306,-15.8912,-3.384
2024-02-28 18:25:01,25.019,-15.7152,-3.384
2024-02-28 18:25:01,24.3303,-15.5484,-3.3808
2024-02-28 18:25:01,23.6427,-15.3772,-3.384
2024-02-28 18:25:01,22.954,-15.2105,-3.3808
2024-02-28 18:25:01,22.2893,-15.0484,-3.3808
2024-02-28 18:25:01,21.5771,-14.8747,-3.3808
2024-02-28 18:25:01,20.8895,-14.7035,-3.384
2024-02-28 18:25:01,20.2008,-14.5367,-3.3808
2024-02-28 18:25:01,19.5361,-14.3746,-3.3808
2024-02-28 18:25:01,18.8239,-14.201,-3.3808
2024-02-28 18:25:01,18.1363,-14.0298,-3.384
2024-02-28 18:25:01,17.4476,-13.863,-3.3808
2024-02-28 18:25:01,16.7829,-13.7009,-3.3808
2024-02-28 18:25:01,16.0953,-13.5297,-3.384
2024-02-28 18:25:01,15.3837,-13.3538,-3.384
2024-02-28 18:25:01,14.6967,-13.1804,-3.3872
2024-02-28 18:25:01,14.0137,-12.9916,-3.4032
2024-02-28 18:25:01,13.3398,-12.7724,-3.4385
2024-02-28 18:25:02,12.6741,-12.5296,-3.4737
2024-02-28 18:25:02,12.0413,-12.2696,-3.5122
2024-02-28 18:25:02,11.3952,-11.9784,-3.5474
2024-02-28 18:25:02,10.7396,-11.6507,-3.5859
2024-02-28 18:25:02,10.1167,-11.3127,-3.6211
2024-02-28 18:25:02,9.5062,-10.953,-3.6564
2024-02-28 18:25:02,8.9311,-10.5824,-3.6948
2024-02-28 18:25:02,8.3487,-10.1787,-3.7301
2024-02-28 18:25:02,7.7986,-9.772,-3.7621
2024-02-28 18:25:02,7.2278,-9.3121,-3.8006
2024-02-28 18:25:02,6.7076,-8.8677,-3.8326
2024-02-28 18:25:02,6.1502,-8.3548,-3.8679
2024-02-28 18:25:02,5.6509,-7.852,-3.9095
2024-02-28 18:25:02,5.1629,-7.3382,-3.9384
2024-02-28 18:25:02,4.7002,-6.8015,-3.98
2024-02-28 18:25:02,4.2677,-6.2714,-4.0121
2024-02-28 18:25:02,3.8284,-5.6845,-4.0505
2024-02-28 18:25:02,3.4231,-5.1033,-4.0858
2024-02-28 18:25:02,3.049,-4.5305,-4.1178
2024-02-28 18:25:02,2.6836,-3.9233,-4.1531
2024-02-28 18:25:03,2.3399,-3.3037,-4.1883
2024-02-28 18:25:03,2.0103,-2.6489,-4.2268
2024-02-28 18:25:03,1.7132,-2.0056,-4.262
2024-02-28 18:25:03,1.4514,-1.3735,-4.3005
2024-02-28 18:25:03,1.1905,-0.6885,-4.3325
2024-02-28 18:25:03,0.9629,-0.0174,-4.3678
2024-02-28 18:25:03,0.7591,0.6612,-4.403
2024-02-28 18:25:03,0.5793,1.3467,-4.4383
2024-02-28 18:25:03,0.4239,2.038,-4.4735
2024-02-28 18:25:03,0.3006,2.711,-4.512
2024-02-28 18:25:03,0.1964,3.4119,-4.5472
2024-02-28 18:25:03,0.1178,4.1407,-4.5857
2024-02-28 18:25:03,0.0588,4.8468,-4.6145
2024-02-28 18:25:03,0.0313,5.5304,-4.653
2024-02-28 18:25:03,0.023,6.2634,-4.685
2024-02-28 18:25:03,0.0411,6.9718,-4.7203
2024-02-28 18:25:03,0.0891,7.7033,-4.7587
2024-02-28 18:25:03,0.1601,8.3837,-4.7972
2024-02-28 18:25:03,0.2574,9.0856,-4.8324
2024-02-28 18:25:03,0.3719,9.7602,-4.8645
2024-02-28 18:25:04,0.5245,10.4771,-4.9029
2024-02-28 18:25:04,0.6953,11.1648,-4.9382
2024-02-28 18:25:04,0.8903,11.8461,-4.9734
2024-02-28 18:25:04,1.1091,12.5201,-5.0087
2024-02-28 18:25:04,1.3462,13.1618,-5.0471
2024-02-28 18:25:04,1.6201,13.8418,-5.0792
2024-02-28 18:25:04,1.922,14.5098,-5.1176
2024-02-28 18:25:04,2.2137,15.1015,-5.1529
2024-02-28 18:25:04,2.564,15.7454,-5.1914
2024-02-28 18:25:04,2.9175,16.3596,-5.2202
2024-02-28 18:25:04,3.3,16.956,-5.2619
2024-02-28 18:25:04,3.6633,17.5068,-5.2843
2024-02-28 18:25:04,4.0833,18.0775,-5.3259
2024-02-28 18:25:04,4.5213,18.6345,-5.3612
2024-02-28 18:25:04,4.9787,19.1757,-5.3964
2024-02-28 18:25:04,5.4549,19.7004,-5.4317
2024-02-28 18:25:04,5.9493,20.2081,-5.4669
2024-02-28 18:25:04,6.4613,20.698,-5.5022
2024-02-28 18:25:04,6.9902,21.1695,-5.5374
2024-02-28 18:25:04,7.5354,21.6221,-5.5727
2024-02-28 18:25:05,8.1177,22.0674,-5.6111
2024-02-28 18:25:05,8.6948,22.4786,-5.6464
2024-02-28 18:25:05,9.286,22.8693,-5.6816
2024-02-28 18:25:05,9.8906,23.2389,-5.7169
2024-02-28 18:25:05,10.5078,23.5869,-5.7521
2024-02-28 18:25:05,11.1603,23.9211,-5.7906
2024-02-28 18:25:05,11.8015,24.2227,-5.8259
2024-02-28 18:25:05,12.4529,24.5015,-5.8611
2024-02-28 18:25:05,13.1138,24.7573,-5.8964
2024-02-28 18:25:05,13.8051,25.0009,-5.9284
2024-02-28 18:25:05,14.4837,25.2051,-5.9701
2024-02-28 18:25:05,15.144,25.3843,-6.0021
2024-02-28 18:25:05,15.8342,25.5446,-6.0374
2024-02-28 18:25:05,16.5296,25.6805,-6.0726
2024-02-28 18:25:05,17.2294,25.7918,-6.1079
2024-02-28 18:25:05,17.9327,25.8783,-6.1431
2024-02-28 18:25:05,18.614,25.9412,-6.1751
2024-02-28 18:25:05,19.3215,25.9803,-6.2104
2024-02-28 18:25:05,20.0545,25.9913,-6.2489
2024-02-28 18:25:06,20.763,25.9782,-6.2841
2024-02-28 18:25:06,21.446,25.9381,-6.3226
2024-02-28 18:25:06,22.1516,25.8729,-6.3578
2024-02-28 18:25:06,22.8782,25.7762,-6.3963
2024-02-28 18:25:06,23.5771,25.6591,-6.4315
2024-02-28 18:25:06,24.2946,25.5092,-6.47
2024-02-28 18:25:06,24.983,25.341,-6.5052
2024-02-28 18:25:06,25.665,25.1486,-6.5405
2024-02-28 18:25:06,26.3397,24.9323,-6.5757
2024-02-28 18:25:06,26.9605,24.709,-6.611
2024-02-28 18:25:06,27.6424,24.4399,-6.643
2024-02-28 18:25:06,28.2915,24.1557,-6.6783
2024-02-28 18:25:06,28.9507,23.835,-6.7167
2024-02-28 18:25:06,29.5771,23.5038,-6.752
2024-02-28 18:25:06,30.1915,23.1507,-6.7872
2024-02-28 18:25:06,30.793,22.7761,-6.8225
2024-02-28 18:25:06,31.3809,22.3806,-6.8577
2024-02-28 18:25:06,31.9546,21.9647,-6.893
2024-02-28 18:25:06,32.5132,21.5287,-6.9282
2024-02-28 18:25:06,33.0562,21.0734,-6.9635
2024-02-28 18:25:07,33.5827,20.5992,-6.9987
2024-02-28 18:25:07,34.1073,20.0872,-7.0372
2024-02-28 18:25:07,34.5975,19.5755,-7.0724
2024-02-28 18:25:07,35.0694,19.0468,-7.1077
2024-02-28 18:25:07,35.5223,18.5019,-7.1429
2024-02-28 18:25:07,35.9503,17.9372,-7.1846
2024-02-28 18:25:07,36.3656,17.363,-7.2134
2024-02-28 18:25:07,36.7585,16.7733,-7.2487
2024-02-28 18:25:07,37.1401,16.1474,-7.2871
2024-02-28 18:25:07,37.4944,15.5338,-7.316
2024-02-28 18:25:07,37.8106,14.927,-7.3544
2024-02-28 18:25:07,38.1241,14.2644,-7.3929
2024-02-28 18:25:07,38.4054,13.614,-7.4281
2024-02-28 18:25:07,38.6636,12.9541,-7.4634
2024-02-28 18:25:07,38.8984,12.2856,-7.4986
2024-02-28 18:25:07,39.099,11.6315,-7.5371
2024-02-28 18:25:07,39.2937,10.9248,-7.5691
2024-02-28 18:25:07,39.4567,10.2351,-7.6044
2024-02-28 18:25:07,39.5952,9.5402,-7.6396
2024-02-28 18:25:07,39.7019,8.8644,-7.6781
2024-02-28 18:25:08,39.7884,8.1365,-7.7165
2024-02-28 18:25:08,39.8482,7.4304,-7.7518
2024-02-28 18:25:08,39.8832,6.7227,-7.787
2024-02-28 18:25:08,39.8961,6.0386,-7.8191
2024-02-28 18:25:08,39.8834,5.3302,-7.8543
2024-02-28 18:25:08,39.8457,4.6225,-7.8896
2024-02-28 18:25:08,39.7774,3.8927,-7.928
2024-02-28 18:25:08,39.6877,3.1898,-7.9633
2024-02-28 18:25:08,39.5733,2.4905,-7.9985
2024-02-28 18:25:08,39.4261,1.7724,-8.037
2024-02-28 18:25:08,39.2605,1.0834,-8.0722
2024-02-28 18:25:08,39.0707,0.4007,-8.1075
2024-02-28 18:25:08,38.857,-0.2749,-8.1427
2024-02-28 18:25:08,38.6196,-0.9426,-8.178
2024-02-28 18:25:08,38.3408,-1.6469,-8.2132
2024-02-28 18:25:08,38.057,-2.2962,-8.2485
2024-02-28 18:25:08,37.7504,-2.935,-8.2837
2024-02-28 18:25:08,37.43,-3.5395,-8.3222
2024-02-28 18:25:08,37.0529,-4.1965,-8.3574
2024-02-28 18:25:09,36.6888,-4.7757,-8.3959
2024-02-28 18:25:09,36.2918,-5.3626,-8.4311
2024-02-28 18:25:09,35.8743,-5.9352,-8.4664
2024-02-28 18:25:09,35.4369,-6.4927,-8.5016
2024-02-28 18:25:09,34.9801,-7.0344,-8.5369
2024-02-28 18:25:09,34.4717,-7.5959,-8.5721
2024-02-28 18:25:09,33.9926,-8.0843,-8.6106
2024-02-28 18:25:09,33.4643,-8.5925,-8.6426
2024-02-28 18:25:09,32.9359,-9.0647,-8.6779
2024-02-28 18:25:09,32.3702,-9.5308,-8.7163
2024-02-28 18:25:09,31.8085,-9.9628,-8.7516
2024-02-28 18:25:09,31.2319,-10.3747,-8.7868
2024-02-28 18:25:09,30.6227,-10.7825,-8.8189
2024-02-28 18:25:09,30.0388,-11.139,-8.8573
2024-02-28 18:25:09,29.422,-11.4878,-8.8926
2024-02-28 18:25:09,28.7699,-11.8227,-8.9311
2024-02-28 18:25:09,28.0849,-12.1459,-8.9663
2024-02-28 18:25:09,27.4549,-12.4128,-9.0048
2024-02-28 18:25:09,26.7936,-12.6672,-9.04
2024-02-28 18:25:09,26.0994,-12.9027,-9.0785
2024-02-28 18:25:10,25.3987,-13.1181,-9.1105
2024-02-28 18:25:10,24.7369,-13.2917,-9.149
2024-02-28 18:25:10,24.0459,-13.4484,-9.1842
2024-02-28 18:25:10,23.351,-13.5873,-9.213
2024-02-28 18:25:10,22.6513,-13.6994,-9.2483
2024-02-28 18:25:10,21.972,-13.7805,-9.2868
2024-02-28 18:25:10,21.266,-13.8408,-9.322
2024-02-28 18:25:10,20.5582,-13.8761,-9.3573
2024-02-28 18:25:10,19.8252,-13.8833,-9.3957
2024-02-28 18:25:10,19.1168,-13.8665,-9.431
2024-02-28 18:25:10,18.4095,-13.8246,-9.4662
2024-02-28 18:25:10,17.704,-13.7579,-9.5015
2024-02-28 18:25:10,16.9776,-13.6597,-9.5399
2024-02-28 18:25:10,16.2789,-13.5412,-9.5752
2024-02-28 18:25:10,15.5849,-13.3982,-9.6104
2024-02-28 18:25:10,14.8964,-13.2308,-9.6457
2024-02-28 18:25:10,14.2142,-13.0392,-9.6809
2024-02-28 18:25:10,13.5391,-12.8237,-9.7162
2024-02-28 18:25:10,12.8721,-12.5846,-9.7514
2024-02-28 18:25:10,12.2139,-12.322,-9.7867
2024-02-28 18:25:11,11.5654,-12.0365,-9.8219
2024-02-28 18:25:11,10.9273,-11.7283,-9.8572
2024-02-28 18:25:11,10.3005,-11.3977,-9.8924
2024-02-28 18:25:11,9.6858,-11.0453,-9.9277
2024-02-28 18:25:11,9.1063,-10.6816,-9.9661
2024-02-28 18:25:11,8.5009,-10.2683,-10.0046
2024-02-28 18:25:11,7.9255,-9.8548,-10.0334
2024-02-28 18:25:11,7.3492,-9.4017,-10.0719
2024-02-28 18:25:11,6.8072,-8.9452,-10.1071
2024-02-28 18:25:11,6.2817,-8.4699,-10.1424
2024-02-28 18:25:11,5.7732,-7.9764,-10.1776
2024-02-28 18:25:11,5.2824,-7.4653,-10.2129
2024-02-28 18:25:11,4.8099,-6.9372,-10.2481
2024-02-28 18:25:11,4.3564,-6.3928,-10.2834
2024-02-28 18:25:11,3.9399,-5.85,-10.3218
2024-02-28 18:25:11,3.5276,-5.2736,-10.3571
2024-02-28 18:25:11,3.1467,-4.7053,-10.3891
2024-02-28 18:25:11,2.7742,-4.1025,-10.4244
2024-02-28 18:25:11,2.4231,-3.487,-10.4596
2024-02-28 18:25:12,2.094,-2.8595,-10.4949
2024-02-28 18:25:12,1.7871,-2.2207,-10.5301
2024-02-28 18:25:12,1.503,-1.5716,-10.5654
2024-02-28 18:25:12,1.2419,-0.9128,-10.6006
2024-02-28 18:25:12,1.0155,-0.2672,-10.6391
2024-02-28 18:25:12,0.7891,0.4556,-10.6743
2024-02-28 18:25:12,0.6108,1.1161,-10.7128
2024-02-28 18:25:12,0.4403,1.8291,-10.7448
2024-02-28 18:25:12,0.301,2.5239,-10.7801
2024-02-28 18:25:12,0.187,3.1985,-10.8121
2024-02-28 18:25:12,0.1015,3.9019,-10.8538
2024-02-28 18:25:12,0.0399,4.6323,-10.8922
2024-02-28 18:25:12,0.0041,5.34,-10.9275
2024-02-28 18:25:12,-0.0066,6.0485,-10.9627
2024-02-28 18:25:12,0.0075,6.757,-10.998
2024-02-28 18:25:12,0.0467,7.4645,-11.0332
2024-02-28 18:25:12,0.1108,8.1702,-11.0685
2024-02-28 18:25:12,0.1929,8.8741,-11.0973
2024-02-28 18:25:12,0.3015,9.5496,-11.1358
2024-02-28 18:25:12,0.4375,10.245,-11.171
2024-02-28 18:25:13,0.5979,10.9352,-11.2063
2024-02-28 18:25:13,0.7922,11.642,-11.2447
2024-02-28 18:25:13,1.003,12.3185,-11.28
2024-02-28 18:25:13,1.2375,12.9872,-11.3152
2024-02-28 18:25:13,1.4954,13.6472,-11.3505
2024-02-28 18:25:13,1.7829,14.3215,-11.3825
